Redemption_Mean,Redemption_Median,Redemption_Var,Redemption_SD,Sales_Mean,Sales_Median,Sales_Var,Sales_SD
64.1831875,17,17616.751215815337,132.72811011920322,63.65659375,22,15234.064355408567,123.42635194887909
