Redemption_Mean,Redemption_Median,Redemption_Var,Redemption_SD,Sales_Mean,Sales_Median,Sales_Var,Sales_SD
64.36603125,17,17633.12858764239,132.78979097672527,63.833437499999995,22,15249.498116249726,123.488858267658
